Ma phim,Nam san xuat,Nguon xem phim,Ten phim,Diem phe binh,Cam xuc phe binh,Diem khan gia,Cam xuc cua khan gia,Ngay ra rap,Ngay phat song,Danh gia,Ngon ngu,Thoi luong phim
0053219a-1c37-4078-b671-3503dcd20b6a,2023,https://www.rottentomatoes.com/m/one_ranger,One Ranger,2.5,negative,2.8,negative,05/05/2023,05/05/2023,R,English,1h 35m
00b20d93-6265-3079-a0da-de975d7ff0b1,2023,https://www.rottentomatoes.com/m/fast_x,Fast X,5.6,negative,8.4,positive,19/05/2023,09/06/2023,PG-13 (Intense Sequences of Violence|Action|Language|Some Suggestive Material),English,2h 21m
016ecd76-c7ae-3d9a-be88-f6067b208549,2023,https://www.rottentomatoes.com/m/dark_harvest_2022,Dark Harvest,6.7,positive,4.6,negative,11/10/2023,13/10/2023,R (Strong Horror Violence|Brief Drug Use|Language Throughout|Gore),English,1h 20m
021177ba-cccc-41b1-b444-60750db1c4cc,2023,https://www.rottentomatoes.com/m/the_marsh_kings_daughter,The Marsh King's Daughter,4.3,negative,7.3,positive,03/11/2023,21/11/2023,R (Violence),English,1h 48m
03a843bb-1347-4d13-ac36-2355eddce855,2023,https://www.rottentomatoes.com/m/the_wonderful_story_of_henry_sugar,The Wonderful Story of Henry Sugar,9.5,positive,8.1,positive,20/09/2023,27/09/2023,PG (Smoking),English,39m
03dfaaa5-bb73-31e9-abb5-30349e999761,2023,https://www.rottentomatoes.com/m/indiana_jones_and_the_dial_of_destiny,Indiana Jones and the Dial of Destiny,7.0,positive,8.8,positive,30/06/2023,29/08/2023,PG-13 (Language|Action|Sequences of Violence|Smoking),English,2h 24m
04790376-4752-3670-a6b6-bfe8210e2c48,2023,https://www.rottentomatoes.com/m/bobcat_moretti,Bobcat Moretti,7.1,positive,9.4,positive,04/08/2023,04/08/2023,R (Drug Use|Some Violent Content|Language Throughout),English,1h 36m
07d7f9a2-3fa1-342a-b6ca-27fd594e04c6,2023,https://www.rottentomatoes.com/m/oppenheimer_2023,Oppenheimer,9.3,positive,9.1,positive,21/07/2023,21/11/2023,R (Nudity|Language|Some Sexuality),English,3h 0m
0a0664c5-3c65-439e-8b0c-94bf52a92736,2023,https://www.rottentomatoes.com/m/birth_rebirth,birth/rebirth,9.6,positive,7.4,positive,18/08/2023,10/11/2023,R (Language|Gore|Disturbing Material|Nudity|Some Sexual Content),English,1h 38m
0a7d477e-4875-48f5-85a6-80432ce80b7b,2023,https://www.rottentomatoes.com/m/about_my_father_2023,About My Father,3.7,negative,8.1,positive,26/05/2023,16/06/2023,PG-13 (Partial Nudity|Language|Suggestive Material),English,1h 29m
0ac1266f-1215-4026-a216-e5522149c4bb,2023,https://www.rottentomatoes.com/m/rebel_moon_part_1_a_child_of_fire,Rebel Moon: Part One - A Child of Fire,2.2,negative,5.7,negative,15/12/2023,21/12/2023,PG-13 (Language|Bloody Images|Sexual Material|Partial Nudity|Sequences of Strong Violence|Sexual Assault),English,2h 13m
0b0585a0-d887-33ff-baba-0c39ef39a38c,2023,https://www.rottentomatoes.com/m/anyone_but_you_2023,Anyone But You,5.2,negative,8.7,positive,22/12/2023,20/02/2024,R (Language Throughout|Brief Graphic Nudity|Sexual Content),English,1h 43m
0b844f90-90c7-3090-96b2-dfc570d18bcf,2023,https://www.rottentomatoes.com/m/meg_2_the_trench,Meg 2: The Trench,2.7,negative,7.3,positive,04/08/2023,25/08/2023,PG-13 (Brief Suggestive Material|Action/Violence|Language|Some Bloody Images),English,1h 56m
0be70066-7a79-48d5-b29c-d1c1bfede00b,2023,https://www.rottentomatoes.com/m/murder_mystery_2,Murder Mystery 2,4.5,negative,4.6,negative,24/03/2023,31/03/2023,PG-13 (Strong Language|Smoking|Bloody Images|Suggestive Material|Violence),English,1h 30m
0c35fa47-2bb3-4a9b-8851-2f0b8d000ccd,2023,https://www.rottentomatoes.com/m/aristotle_and_dante_discover_the_secrets_of_the_universe,Aristotle and Dante Discover the Secrets of the Universe,8.8,positive,9.5,positive,08/09/2023,14/11/2023,PG-13 (Thematic Elements|Some Strong Violence|Smoking|Sexual Material|Strong Language|Teen Drug/Alcohol Use),English,1h 36m
0d73fef0-a705-49af-92b7-5417c157dd6c,2023,https://www.rottentomatoes.com/m/monster_2023,Monster,9.7,positive,9.1,positive,22/11/2023,27/02/2024,PG-13 (Thematic Material|Brief Suggestive Material),Japanese,2h 6m
0e2e6fd6-36fe-4a01-a6b3-d0d0ef38c204,2023,https://www.rottentomatoes.com/m/still_a_michael_j_fox_movie,Still: A Michael J. Fox Movie,9.9,positive,9.5,positive,12/05/2023,12/05/2023,R (Language),English,1h 35m
0f1fe851-a366-4ef6-a42d-b7c5f0e665d5,2023,https://www.rottentomatoes.com/m/she_came_to_me,She Came to Me,4.8,negative,7.4,positive,06/10/2023,10/11/2023,R (Some Language),English,1h 42m
0fa059cd-a3ec-421f-92fb-6b96c23347c9,2023,https://www.rottentomatoes.com/m/infinity_pool_2023,Infinity Pool,8.7,positive,5.2,negative,27/01/2023,14/02/2023,R,English,1h 57m
0fa7b861-871a-405c-bbe7-cc4131097e61,2023,https://www.rottentomatoes.com/m/eileen,Eileen,8.2,positive,5.3,negative,08/12/2023,02/01/2024,R (Violent Content|Sexual Content|Language),English,1h 36m
10b522a5-873e-3e15-bd8b-65a079ab0b09,2023,https://www.rottentomatoes.com/m/the_marvels,The Marvels,6.2,positive,8.2,positive,10/11/2023,16/01/2024,PG-13 (Brief Language|Action/Violence),English,1h 45m
12f374d2-ac01-3113-a465-d116deae8313,2023,https://www.rottentomatoes.com/m/the_league,The League,9.6,positive,7.9,positive,07/07/2023,14/07/2023,PG (Some Violent Images|A Racial Slur|Smoking|Racism|Thematic Content),English,1h 43m
132d6f06-45c4-4730-b0e9-a620e464eee9,2023,https://www.rottentomatoes.com/m/maestro_2023,Maestro,7.8,positive,5.7,negative,22/11/2023,20/12/2023,R (Some Language and Drug Use),English,2h 9m
13881ac0-7e95-3889-bb57-8d3efc43dc1d,2023,https://www.rottentomatoes.com/m/mission_impossible_dead_reckoning_part_one,Mission: Impossible - Dead Reckoning Part One,9.6,positive,9.4,positive,12/07/2023,10/10/2023,PG-13 (Intense Sequences of Violence|Action|Some Language|Suggestive Material),English,2h 43m
141856dd-f65e-4481-8331-6a24e6852a8e,2023,https://www.rottentomatoes.com/m/foe_2023,Foe,2.5,negative,5.6,negative,06/10/2023,07/11/2023,R (Language|Some Sexual Content|Nudity),English,1h 50m
14e87cf5-9d15-3f57-9307-e449ed3f2f33,2023,https://www.rottentomatoes.com/m/good_grief_2023,Good Grief,7.6,positive,7.0,positive,29/12/2023,05/01/2024,R (Language|Brief Drug Use),English,1h 40m
15267f83-191e-3f0a-94c2-57674708553f,2023,https://www.rottentomatoes.com/m/scream_vi,Scream VI,7.6,positive,9.1,positive,10/03/2023,25/04/2023,R (Language Throughout|Brief Drug Use|Strong Bloody Violence),English,2h 3m
152da77b-87a1-4c82-8274-1a2137153de6,2023,https://www.rottentomatoes.com/m/kokomo_city,KOKOMO CITY,9.9,positive,7.0,positive,28/07/2023,14/11/2023,R (Language Throughout|Graphic Nudity|Drug Use|Strong Sexual Content),English,1h 13m
15735db5-6100-3e9a-93bb-ffd052c723c7,2023,https://www.rottentomatoes.com/m/the_iron_claw_2023,The Iron Claw,8.9,positive,9.4,positive,22/12/2023,13/02/2024,R (Language|Drug Use|Some Sexuality|Suicide),English,2h 12m
15ca6a61-d65e-3c88-a2e5-66b90fa2b9c2,2023,https://www.rottentomatoes.com/m/expend4bles,Expend4bles,1.3,negative,7.0,positive,22/09/2023,13/10/2023,R (Sexual Material|Language|Strong/Bloody Violence),English,1h 43m
161a004e-bb99-36f4-a271-a448dfe18da5,2023,https://www.rottentomatoes.com/m/warhorse_one,Warhorse One,2.0,negative,7.1,positive,30/06/2023,04/07/2023,R,English,2h 6m
1680796c-a2c8-3900-a0c8-181d1b638e13,2023,https://www.rottentomatoes.com/m/sheroes_2022,Sheroes,4.0,negative,4.7,negative,23/06/2023,23/06/2023,R (Pervasive Language|Nudity|Drug Use|Sexual Content|Some Violence),English,1h 31m
19a5a392-884b-4664-9f80-53b36b80e2f2,2023,https://www.rottentomatoes.com/m/leo_2023,Leo,8.2,positive,9.0,positive,17/11/2023,21/11/2023,PG (Rude/Suggestive Material|Some Language),English,1h 46m
1b8a069e-65f2-407d-9f99-62468061b9d1,2023,https://www.rottentomatoes.com/m/prisoners_daughter,Prisoner's Daughter,4.3,negative,7.9,positive,30/06/2023,18/07/2023,R (Language and Some Violence),English,1h 38m
1d3f9e32-5e86-4e58-83a6-1a69b746aeb9,2023,https://www.rottentomatoes.com/m/pain_hustlers,Pain Hustlers,2.3,negative,6.4,positive,20/10/2023,27/10/2023,R (Nudity|Language Throughout|Drug Use|Some Sexual Content),English,2h 2m
1de705c6-cbf7-3864-a554-32b987e39188,2023,https://www.rottentomatoes.com/m/cypher_2023,Cypher,8.7,positive,8.0,positive,24/11/2023,24/11/2023,R (Language),English,1h 21m
1f39ee28-22c8-30cd-82e7-d0245b4b2c57,2023,https://www.rottentomatoes.com/m/renfield,Renfield,5.8,negative,7.9,positive,14/04/2023,02/05/2023,R (Language Throughout|Bloody Violence|Some Drug Use|Some Gore),English,1h 33m
208ade17-d670-3403-a374-bd1bd1ad9d8a,2023,https://www.rottentomatoes.com/m/chupa_2023,Chupa,6.8,positive,5.7,negative,07/04/2023,07/04/2023,PG (Peril|Thematic Elements|Some Action),English,1h 35m
215ecd50-b801-3e43-914c-6add4697a3da,2023,https://www.rottentomatoes.com/m/after_death,After Death,5.0,negative,8.7,positive,27/10/2023,11/03/2024,PG-13 (Violent Descriptions|Drug References|Thematic Material|Some Bloody Images),English,1h 48m
22dec941-0149-4074-94ac-d3dc4f291e44,2023,https://www.rottentomatoes.com/m/priscilla,Priscilla,8.4,positive,6.3,positive,03/11/2023,15/12/2023,R (Drug Use and Some Language),English,1h 53m
245f92fa-9a78-3200-9637-e2ebff5016af,2023,https://www.rottentomatoes.com/m/mafia_mamma,Mafia Mamma,2.1,negative,6.7,positive,14/04/2023,02/05/2023,R (Language|Bloody Violence|Sexual Content),English,1h 41m
25ad8783-00db-3060-9a99-c7b8f94d8fb5,2023,https://www.rottentomatoes.com/m/wonka,Wonka,8.2,positive,9.1,positive,15/12/2023,30/01/2024,PG (Some Violence|Mild Language|Thematic Elements),English,1h 56m
27539355-4940-4c29-aaab-d3fe4dafa4ee,2023,https://www.rottentomatoes.com/m/spider_man_across_the_spider_verse,Spider-Man: Across the Spider-Verse,9.5,positive,9.4,positive,02/06/2023,08/08/2023,PG (Some Language|Animated Action Violence|Thematic Elements),English,2h 20m
280fc921-c63a-338b-bed5-136e92aa72f8,2023,https://www.rottentomatoes.com/m/five_nights_at_freddys,Five Nights at Freddy's,3.2,negative,8.7,positive,27/10/2023,27/10/2023,PG-13 (Language|Bloody Images|Strong Violent Content),English,1h 50m
282676a0-b6c5-35ff-b17f-628faf4683ee,2023,https://www.rottentomatoes.com/m/vindicta,Vindicta,1.4,negative,3.1,negative,06/10/2023,16/10/2023,R (Brief Drug Material|Violence and Gore|Language),English,1h 23m
2c60cd0c-73e0-3824-9f62-30c2785c4263,2023,https://www.rottentomatoes.com/m/bottoms,Bottoms,9.0,positive,8.9,positive,01/09/2023,22/09/2023,R (Some Violence|Pervasive Language|Crude Sexual Content),English,1h 28m
2d7b63a1-8924-4401-9056-0fb009b0f2a0,2023,https://www.rottentomatoes.com/m/victim_suspect,Victim/Suspect,7.9,positive,7.5,positive,23/05/2023,23/05/2023,R (Some Language),English,1h 30m
2da44bd6-2a22-3238-a139-a40ab1769550,2023,https://www.rottentomatoes.com/m/teenage_mutant_ninja_turtles_mutant_mayhem,Teenage Mutant Ninja Turtles: Mutant Mayhem,9.5,positive,9.0,positive,02/08/2023,01/09/2023,PG (Language|Impolite Material|Sequences of Violence & Action),English,1h 39m
2da57b86-71a0-35bd-b8f4-d0c0ed1f113c,2023,https://www.rottentomatoes.com/m/missing_2023,Missing,8.8,positive,9.0,positive,20/01/2023,07/03/2023,PG-13 (Some Strong Violence|Language|Teen Drinking|Thematic Material),English,1h 51m
2db4a5c5-36f3-3ec7-bbd6-b200a8bd5761,2023,https://www.rottentomatoes.com/m/sick_girl_2023,Sick Girl,3.8,negative,7.6,positive,20/10/2023,20/10/2023,R (Drug Use|Some Sexual References|Language Throughout),English,1h 39m
2f693681-6183-33dc-baa5-f6ffb89810ea,2023,https://www.rottentomatoes.com/m/manodrome,Manodrome,4.9,negative,2.8,negative,10/11/2023,17/11/2023,R,English (United Kingdom),1h 36m
2f95ceec-ac42-48b0-9997-92ed672475ee,2023,https://www.rottentomatoes.com/m/talk_to_me_2023,Talk to Me,9.4,positive,8.2,positive,28/07/2023,12/09/2023,R (Some Sexual Material|Language Throughout|Strong/Bloody Violent Content),English,1h 35m
30ef95fc-0ff5-35a3-98f6-d051de8bc1b8,2023,https://www.rottentomatoes.com/m/guardians_of_the_galaxy_vol_3,Guardians of the Galaxy Vol. 3,8.2,positive,9.4,positive,05/05/2023,07/07/2023,PG-13 (Intense Sequences of Violence|Action|Strong Language|Suggestive/Drug References|Thematic Elements),English,2h 30m
317d7155-533b-396f-8c1c-34a22e2e8ef9,2023,https://www.rottentomatoes.com/m/barbie,Barbie,8.8,positive,8.3,positive,21/07/2023,12/09/2023,PG-13 (Suggestive References|Brief Language),English,1h 54m
34b10090-7360-3802-a99c-e74ad4ea09b2,2023,https://www.rottentomatoes.com/m/you_people_2023,You People,4.0,negative,3.4,negative,20/01/2023,27/01/2023,R (Some Sexual Material|Language Throughout|Drug Content),English,1h 57m
34f0e7cf-195e-463c-9d81-5f283cfd2e34,2023,https://www.rottentomatoes.com/m/past_lives,Past Lives,9.5,positive,8.4,positive,30/06/2023,22/08/2023,PG-13 (Some Strong Language),English,1h 46m
3613e82a-bced-3b59-a20c-1d92aff8b2e7,2023,https://www.rottentomatoes.com/m/war_pony,War Pony,9.3,positive,8.7,positive,28/07/2023,28/07/2023,R (Some Violence|Pervasive Language|Drug and Alcohol Use),English,1h 55m
36556108-98ee-322b-9aba-a56a24351903,2023,https://www.rottentomatoes.com/m/sharper,Sharper,6.9,positive,7.3,positive,10/02/2023,17/02/2023,R (Language Throughout|Some Sexual References),English,1h 56m
3702b80c-5801-34e8-9f60-826c4a17cc2c,2023,https://www.rottentomatoes.com/m/nefarious_2023,Nefarious,3.3,negative,9.6,positive,14/04/2023,02/06/2023,R (Disturbing Violent Content),English,1h 38m
377afa01-8add-3999-84f6-088836769a09,2023,https://www.rottentomatoes.com/m/love_again_2023,Love Again,2.8,negative,9.1,positive,05/05/2023,23/05/2023,PG-13 (Some Strong Language|Some Sexual Material),English,1h 44m
37ce0dac-3010-3863-b544-28fa138e44d3,2023,https://www.rottentomatoes.com/m/house_party_2023,House Party,2.8,negative,6.0,positive,13/01/2023,31/01/2023,R (Pervasive Language|Drug Use|Sexual Material|Some Violence),English,1h 40m
3982b42b-f263-3d4c-a8d0-20b6616449aa,2023,https://www.rottentomatoes.com/m/no_hard_feelings_2023,No Hard Feelings,7.0,positive,8.7,positive,23/06/2023,15/08/2023,R (Language|Brief Drug Use|Sexual Content|Some Graphic Nudity),English,1h 43m
3a3fc627-86e7-386a-af48-29f0dc8f1cea,2023,https://www.rottentomatoes.com/m/consecration,Consecration,4.1,negative,3.2,negative,10/02/2023,19/05/2023,R (Bloody Violent Content|Some Language),English (United Kingdom),1h 30m
3aa49e3e-4434-4880-a5ac-a475c07b309a,2023,https://www.rottentomatoes.com/m/elemental_2023,Elemental,7.3,positive,9.3,positive,16/06/2023,15/08/2023,PG (Some Peril|Brief Language|Thematic Elements),English,1h 41m
3ad9038b-9af8-3c42-a2cb-d139bf3fb8fe,2023,https://www.rottentomatoes.com/m/sweetwater,Sweetwater,2.5,negative,9.5,positive,14/04/2023,02/05/2023,PG-13 (Smoking|Violence|Some Racial Slurs),English,1h 54m
3af5c1bb-184f-40c8-ae26-6939e4229005,2023,https://www.rottentomatoes.com/m/the_canterville_ghost_2023,The Canterville Ghost,5.7,negative,5.0,negative,20/10/2023,05/12/2023,PG,English,1h 34m
3cc333b1-2e33-33d7-ab02-782440c16175,2023,https://www.rottentomatoes.com/m/the_black_demon,The Black Demon,2.8,negative,7.7,positive,28/04/2023,30/05/2023,R (Some Grisly Images),English,1h 40m
3d4c0058-016e-31d4-983e-cb8b52ce5bdf,2023,https://www.rottentomatoes.com/m/rare_objects,Rare Objects,4.0,negative,6.9,positive,14/04/2023,14/04/2023,R (Language and Some Drug Use),English,2h 3m
3eb090f0-20f5-326f-ab7e-b409e60945d8,2023,https://www.rottentomatoes.com/m/reptile_2023,Reptile,4.5,negative,7.1,positive,22/09/2023,29/09/2023,R (Violence|Some Nude Images|Language),English,2h 14m
3f36d358-97db-45f6-ba05-ee4f9f311b68,2023,https://www.rottentomatoes.com/m/the_deepest_breath,The Deepest Breath,8.5,positive,9.3,positive,14/07/2023,19/07/2023,PG (Language|Unsettling Images|Some Intense Peril),English,1h 48m
3f9edabe-1f56-33b5-8530-d96426b2c372,2023,https://www.rottentomatoes.com/m/transfusion_2022,Transfusion,5.7,negative,4.4,negative,03/03/2023,03/03/2023,R (Teen Drinking and Drug Use|Language Throughout|Violence),English,1h 45m
3fc11e68-12b2-30e1-bf12-4ad9bb9df033,2023,https://www.rottentomatoes.com/m/cocaine_bear,Cocaine Bear,6.6,positive,7.1,positive,24/02/2023,21/03/2023,R (Drug Content|Bloody Violence and Gore|Language Throughout),English,1h 35m
40b88250-90ce-3d27-901f-22233a4664a8,2023,https://www.rottentomatoes.com/m/are_you_there_god_its_me_margaret,"Are You There God? It's Me, Margaret.",9.9,positive,9.5,positive,28/04/2023,06/06/2023,PG-13 (Some Suggestive Material|Sexual Education|Thematic Material),English,1h 45m
40c8f1b7-ca5c-3a0b-af7d-17c3c1ff9d62,2023,https://www.rottentomatoes.com/m/detective_knight_independence,Detective Knight: Independence,6.7,positive,8.3,positive,20/01/2023,20/01/2023,R (Sexuality|Language Throughout|Brief Drug Use|Violence),English,1h 31m
4259494b-47db-32db-9abd-d4dff33829f1,2023,https://www.rottentomatoes.com/m/your_lucky_day,Your Lucky Day,8.6,positive,6.0,positive,10/11/2023,14/11/2023,R (Some Sexual Material|Language Throughout|Graphic Nudity|Strong Violence),English,1h 29m
431505cc-700e-4f8c-911a-2f3fcb2ac5a3,2023,https://www.rottentomatoes.com/m/ant_man_and_the_wasp_quantumania,Ant-Man and The Wasp: Quantumania,4.6,negative,8.2,positive,17/02/2023,18/04/2023,PG-13 (Violence/Action|Language),English,2h 4m
44395a61-7822-3fca-be96-f35615f57967,2023,https://www.rottentomatoes.com/m/we_have_a_ghost,We Have a Ghost,4.2,negative,6.1,positive,17/02/2023,24/02/2023,PG-13 (Violence|Sexual/Suggestive References|Language),English,2h 6m
4459a1b8-ec4a-4c13-8c31-b27464e1c6e2,2023,https://www.rottentomatoes.com/m/poor_things,Poor Things,9.2,positive,7.9,positive,08/12/2023,27/02/2024,R (Gore|Disturbing Material|Graphic Nudity|Language|Strong Sexual Content),English,2h 21m
4641e973-5fea-434d-8810-feb95c2dec8b,2023,https://www.rottentomatoes.com/m/wish_2023,Wish,4.8,negative,8.1,positive,22/11/2023,23/01/2024,PG (Thematic Elements|Mild Action),English,1h 32m
482415fa-ef09-40eb-a954-feea218c01ae,2023,https://www.rottentomatoes.com/m/flora_and_son,Flora and Son,9.3,positive,8.4,positive,22/09/2023,29/09/2023,R (Brief Drug Use|Sexual References|Language Throughout),English,1h 34m
48f097af-77cd-4247-bd45-0fa93ff79a74,2023,https://www.rottentomatoes.com/m/mob_land,Mob Land,5.0,negative,7.7,positive,04/08/2023,25/08/2023,R,English,1h 52m
49f76a30-5bc1-4dc8-b29a-18e257c78118,2023,https://www.rottentomatoes.com/m/polite_society,Polite Society,9.1,positive,8.4,positive,28/04/2023,16/05/2023,PG-13 (Some Partial Nudity|Sexual Material|Strong Language|Violence),English,1h 43m
4bda4d5c-f577-46ec-ab3a-b5942975b47f,2023,https://www.rottentomatoes.com/m/air_2023,Air,9.3,positive,9.8,positive,05/04/2023,12/05/2023,R (Language),English,1h 52m
4c3c8819-7949-319c-ace5-3cdc76f32c1c,2023,https://www.rottentomatoes.com/m/the_last_voyage_of_the_demeter,The Last Voyage of the Demeter,4.9,negative,7.5,positive,11/08/2023,29/08/2023,R (Bloody Violence),English,1h 58m
4ca97e5b-d719-4169-9870-1881c2acd3bc,2023,https://www.rottentomatoes.com/m/the_tank_2023,The Tank,3.3,negative,2.6,negative,21/04/2023,25/04/2023,R (Brief Language|Some Violence/Bloody Images),English,1h 40m
4ce7ee8d-fc06-3783-9b49-8bbb5ee25a77,2023,https://www.rottentomatoes.com/m/palm_trees_and_power_lines,Palm Trees and Power Lines,9.1,positive,7.8,positive,03/03/2023,03/03/2023,R,English,1h 50m
4d75a4ed-afcc-3555-ba36-922f0b297c79,2023,https://www.rottentomatoes.com/m/big_george_foreman_the_miraculous_story_of_the_once_and_future_heavyweight_champion_of_the_world,Big George Foreman: The Miraculous Story of the Once and Future Heavyweight Champion of the World,4.2,negative,9.6,positive,28/04/2023,16/05/2023,PG-13 (Some Sports Violence),English,2h 9m
4efcf141-1d76-3920-b603-722000558a86,2023,https://www.rottentomatoes.com/m/the_pigeon_tunnel,The Pigeon Tunnel,9.6,positive,7.0,positive,20/10/2023,20/10/2023,PG-13 (Brief Language|Some Violence|Smoking),English,1h 34m
4f1acbb5-6c09-330a-87b9-530a698c5e65,2023,https://www.rottentomatoes.com/m/sharknado,Sharknado,7.7,positive,3.4,negative,15/08/2023,11/10/2016,TV-14 (V|L),English,1h 26m
4f2475ed-8f43-44e7-b5f5-f83fbcd9413f,2023,https://www.rottentomatoes.com/m/my_animal,My Animal,7.2,positive,1.4,negative,08/09/2023,15/09/2023,R (Sexual Content|Nudity|Language Throughout|Some Drug Use|Violence),English,1h 43m
500e1653-2124-3106-b3d0-adda2cb98934,2023,https://www.rottentomatoes.com/m/paw_patrol_the_mighty_movie,PAW Patrol: The Mighty Movie,7.2,positive,9.4,positive,29/09/2023,31/10/2023,PG (Mild Action/Peril),English,1h 32m
511a7cb0-f1e5-3863-9b19-636deb174b75,2023,https://www.rottentomatoes.com/m/old_dads,Old Dads,2.5,negative,8.5,positive,13/10/2023,20/10/2023,R (Pervasive Language|Nudity|Brief Drug Use|Sexual Material),English,1h 42m
514e7630-9180-30da-bae8-82460101d65f,2023,https://www.rottentomatoes.com/m/a_thousand_and_one,A Thousand and One,9.7,positive,8.5,positive,31/03/2023,18/04/2023,R (Language),English,1h 57m
5171a5ec-9a70-3676-bff2-a6b73a4bb5de,2023,https://www.rottentomatoes.com/m/your_place_or_mine_2023,Your Place or Mine,3.0,negative,3.5,negative,10/02/2023,10/02/2023,PG-13 (Brief Strong Language|Suggestive Material),English,1h 49m
57fc418a-fde1-3529-ba22-8f281d298574,2023,https://www.rottentomatoes.com/m/the_little_mermaid_2023,The Little Mermaid,6.7,positive,9.4,positive,26/05/2023,25/07/2023,PG (Some Scary Images|Action/Peril),English,2h 15m
5a3da5de-68fd-4a9d-80f7-507c4613c0e1,2023,https://www.rottentomatoes.com/m/wildflower,Wildflower,6.3,positive,9.3,positive,17/03/2023,21/03/2023,R (A Sexual Reference|Teen Drinking|Some Language),English,1h 45m
5b8dab0e-3838-490a-86e2-490febde294c,2023,https://www.rottentomatoes.com/m/fear_2023,Fear,2.1,negative,3.7,negative,27/01/2023,28/03/2023,R (Bloody Violence and Language),English,1h 25m
5c9cb353-8439-33ad-88ac-fc6fda7fc50a,2023,https://www.rottentomatoes.com/m/flamin_hot,Flamin' Hot,6.8,positive,8.7,positive,02/06/2023,09/06/2023,PG-13 (Some Strong Language|Brief Drug Material),English,2h 9m
5ccb374d-be86-47f8-86d3-b86d40d599e7,2023,https://www.rottentomatoes.com/m/napoleon_2023,Napoleon,5.8,negative,5.9,negative,22/11/2023,09/01/2024,R (Sexual Content|Brief Language|Some Grisly Images|Strong Violence),English,2h 38m
5f19e3e1-ff56-31f2-acd0-dee2cf925a7b,2023,https://www.rottentomatoes.com/m/m3gan,M3GAN,9.3,positive,7.8,positive,06/01/2023,24/01/2023,PG-13 (Some Strong Language|A Suggestive Reference|Terror|Violent Content),English,1h 42m
60c6162f-f2ba-3193-835c-623fe2dae669,2023,https://www.rottentomatoes.com/m/stephen_curry_underrated,Stephen Curry: Underrated,8.5,positive,8.6,positive,21/07/2023,21/07/2023,PG-13 (Brief Strong Language),English,1h 50m
61144475-dcbf-374f-b78e-5ee0385a2225,2023,https://www.rottentomatoes.com/m/boudica_queen_of_war,Boudica: Queen of War,4.0,negative,1.6,negative,27/10/2023,27/10/2023,R (Strong Bloody Violence|Some Language),English (United Kingdom),1h 40m
621955c8-b3e9-46db-b4bc-ca3e8718651d,2023,https://www.rottentomatoes.com/m/anatomy_of_a_fall,Anatomy of a Fall,9.6,positive,9.0,positive,13/10/2023,22/12/2023,R (Some Language|Sexual References|Violent Images),French,2h 30m
6473df0f-13e2-48fe-a6b0-efc8bf9926a6,2023,https://www.rottentomatoes.com/m/american_symphony,American Symphony,9.4,positive,7.6,positive,24/11/2023,29/11/2023,PG-13 (Some Strong Language),English,1h 40m
65013f48-9a02-3b40-a131-c197b3d8ef9a,2023,https://www.rottentomatoes.com/m/magic_mikes_last_dance,Magic Mike's Last Dance,4.7,negative,7.3,positive,10/02/2023,21/03/2023,R (Sexual Material and Language),English,1h 52m
65021aba-fbbf-3c55-b038-4d324afb1a96,2023,https://www.rottentomatoes.com/m/the_holdovers,The Holdovers,9.7,positive,9.2,positive,10/11/2023,28/11/2023,R (Language|Brief Sexual Material|Some Drug Use),English,2h 13m
65aa26fd-f6c7-4f7d-a8ba-51514797261e,2023,https://www.rottentomatoes.com/m/seriously_red,Seriously Red,5.2,negative,4.5,negative,10/02/2023,10/02/2023,R (Some Language|Sexual Content|Nudity),English,1h 44m
6797413f-aa25-3f46-8f35-252d14288b1b,2023,https://www.rottentomatoes.com/m/nyad,Nyad,8.5,positive,8.7,positive,20/10/2023,03/11/2023,PG-13 (Sexual Abuse|Brief Partial Nudity|Some Strong Language|Thematic Material),English,2h 1m
6838626b-f815-3e15-85fb-25db274648bb,2023,https://www.rottentomatoes.com/m/the_popes_exorcist,The Pope's Exorcist,5.0,negative,8.1,positive,14/04/2023,02/05/2023,R (Sexual References|Language|Some Nudity|Violent Content),English,1h 43m
69e1077e-e4aa-33ea-b524-91f8accb2f0a,2023,https://www.rottentomatoes.com/m/my_big_fat_greek_wedding_3,My Big Fat Greek Wedding 3,3.1,negative,7.1,positive,08/09/2023,03/11/2023,PG-13 (Suggestive Material|Some Nudity),English,1h 31m
6a66d84b-e3c7-3f46-80ea-c6617648364f,2023,https://www.rottentomatoes.com/m/the_nun_ii,The Nun II,5.2,negative,7.3,positive,08/09/2023,03/10/2023,R (Violent Content|Some Terror),English,1h 50m
6dd2100d-803d-4452-bc95-5afaa87f4f34,2023,https://www.rottentomatoes.com/m/saltburn,Saltburn,7.1,positive,7.9,positive,22/11/2023,22/12/2023,R (Drug Use|Disturbing Violent Content|Graphic Nudity|Language Throughout|Strong Sexual Content),English,2h 11m
6f293b59-c309-372c-99ad-48c767357f08,2023,https://www.rottentomatoes.com/m/the_mother_2023,The Mother,4.3,negative,6.2,positive,12/05/2023,12/05/2023,R (Violence|Some Language|Brief Drug Use),English,1h 56m
6f374589-6b12-3adf-a250-58a649aa40c1,2023,https://www.rottentomatoes.com/m/dungeons_and_dragons_honor_among_thieves,Dungeons & Dragons: Honor Among Thieves,9.1,positive,9.3,positive,31/03/2023,02/05/2023,PG-13 (Some Language|Fantasy Action/Violence),English,2h 14m
6f9d43b1-3334-381b-8ec7-86dde0e1f50d,2023,https://www.rottentomatoes.com/m/shrapnel,Shrapnel,0.0,negative,5.9,negative,28/07/2023,28/07/2023,R (Violence Throughout|Language|Brief Sexuality),English,1h 29m
70d7b79f-9cc2-3bcd-ab69-5ad8636d1e3a,2023,https://www.rottentomatoes.com/m/inside_2023,Inside,6.2,positive,4.0,negative,17/03/2023,04/04/2023,R,English,1h 45m
70ea9ab1-0e68-3668-b3ec-efd1bbda39b5,2023,https://www.rottentomatoes.com/m/family_switch,Family Switch,4.1,negative,4.3,negative,30/11/2023,30/11/2023,PG (Suggestive Material|Some Thematic Elements|Language|Teen Partying),English,1h 41m
7489baa8-7013-4ab1-b413-5c94b5f9a461,2023,https://www.rottentomatoes.com/m/carmen_2022_2,Carmen,6.2,positive,6.4,positive,21/04/2023,14/07/2023,R (Language|Some Violence|Nudity),English (Australia),1h 56m
74f4f940-f6f6-4fab-ba0a-469ba9cfa0b6,2023,https://www.rottentomatoes.com/m/the_burial_2023,The Burial,9.2,positive,8.2,positive,06/10/2023,13/10/2023,R (Language),English,2h 6m
7550c7be-4166-3c4c-a2dc-03a223aa3b29,2023,https://www.rottentomatoes.com/m/the_creator_2023,The Creator,6.7,positive,7.6,positive,29/09/2023,14/11/2023,PG-13 (Strong Language|Some Bloody Images|Violence),English,2h 13m
76ef5275-f611-36ed-8849-87ca5117d189,2023,https://www.rottentomatoes.com/m/buddy_games_spring_awakening,Buddy Games: Spring Awakening,3.3,negative,6.9,positive,19/05/2023,02/06/2023,R (Language Throughout|Drug Use|Crude Sexual Material|Some Nudity|Violent Material),English,1h 36m
77ba2b95-89a1-43e6-83ab-c8c064f18db1,2023,https://www.rottentomatoes.com/m/theater_camp,Theater Camp,8.6,positive,7.9,positive,04/08/2023,14/09/2023,PG-13 (Suggestive/Drug References|Some Strong Language),English,1h 34m
7807e2b5-72d7-3dc7-8cd4-b9482b82fe01,2023,https://www.rottentomatoes.com/m/the_flash_2023,The Flash,6.3,positive,8.3,positive,16/06/2023,18/07/2023,PG-13 (Partial Nudity|Action|Sequences of Violence|Some Strong Language),English,2h 24m
78e5d8e4-6c58-484e-8b04-4392784cc6aa,2023,https://www.rottentomatoes.com/m/guy_ritchies_the_covenant,Guy Ritchie's The Covenant,8.3,positive,9.8,positive,21/04/2023,09/05/2023,R (Violence|Language Throughout|Brief Drug Content),English,2h 3m
7932a557-77dd-33cb-bf68-33e3b36e71b3,2023,https://www.rottentomatoes.com/m/the_beanie_bubble,The Beanie Bubble,4.7,negative,5.6,negative,21/07/2023,28/07/2023,R (Language),English,1h 50m
79e469fc-8455-3efb-947a-9c00eb69ab0b,2023,https://www.rottentomatoes.com/m/the_hunger_games_the_ballad_of_songbirds_and_snakes,The Hunger Games: The Ballad of Songbirds & Snakes,6.4,positive,8.9,positive,17/11/2023,19/12/2023,PG-13 (Strong Violent Content|Disturbing Material),English,2h 37m
7a1a838b-a566-3dc2-8973-1785b4523989,2023,https://www.rottentomatoes.com/m/rumble_through_the_dark,Rumble Through the Dark,6.4,positive,9.6,positive,03/11/2023,10/11/2023,R (Violence|Some Sexual Material|Language),English,1h 56m
7b8d80fe-bc07-3960-a30b-bc5f2d16a6f1,2023,https://www.rottentomatoes.com/m/the_oath_2023,The Oath,3.0,negative,8.5,positive,08/12/2023,26/03/2024,PG-13 (Violent Content),English,1h 44m
7bf33dc6-8dcd-402f-942f-f6ba39c71380,2023,https://www.rottentomatoes.com/m/sly_2023,Sly,8.1,positive,8.7,positive,27/10/2023,03/11/2023,R (Some Language),English,1h 35m
7e2d7520-d808-437a-9e05-348a39ff8d30,2023,https://www.rottentomatoes.com/m/taylor_swift_the_eras_tour,TAYLOR SWIFT | THE ERAS TOUR,9.9,positive,9.8,positive,13/10/2023,13/12/2023,PG-13 (Suggestive Material|Some Strong Language),English,2h 48m
7e83c16a-c937-34a0-9119-06d157c648ab,2023,https://www.rottentomatoes.com/m/knights_of_the_zodiac,Knights of the Zodiac,2.1,negative,6.0,positive,12/05/2023,27/06/2023,PG-13 (Action/Violence),English,1h 52m
7fe58e79-97ca-3890-aced-4c7d5da87ab1,2023,https://www.rottentomatoes.com/m/aquaman_and_the_lost_kingdom,Aquaman and the Lost Kingdom,3.4,negative,8.1,positive,22/12/2023,23/01/2024,PG-13 (Some Language|Sci-Fi Violence),English,2h 4m
80a8498a-520f-3d94-a03d-b5795d01c41e,2023,https://www.rottentomatoes.com/m/dicks_the_musical,Dicks: The Musical,6.7,positive,6.6,positive,20/10/2023,10/11/2023,R (Pervasive Language|Graphic Nudity|Brief Drug Use|Strong Crude Sexual Content),English,1h 26m
8181fd22-1afc-3fea-a2b7-2a51d0752dc7,2023,https://www.rottentomatoes.com/m/el_conde,El Conde,8.2,positive,6.2,positive,08/09/2023,15/09/2023,R (Sexual Content|Rape|Language|Some Graphic Nudity|Strong Violence and Gore),Spanish,1h 50m
81b393c8-d99a-3ed5-b050-75cca835319d,2023,https://www.rottentomatoes.com/m/they_cloned_tyrone,They Cloned Tyrone,9.5,positive,10.0,positive,14/07/2023,21/07/2023,R (Some Sexual Material|Pervasive Language|Drug Use|Violence),English,2h 2m
81c5573c-5656-38a1-8f94-a846279a1e46,2023,https://www.rottentomatoes.com/m/65,65,3.6,negative,6.5,positive,10/03/2023,07/04/2023,PG-13 (Intense Sci-Fi Action|Brief Bloody Images|Peril),English,1h 33m
82319c4b-655b-3c25-8416-00222e21097f,2023,https://www.rottentomatoes.com/m/blue_beetle,Blue Beetle,7.7,positive,9.1,positive,18/08/2023,26/09/2023,PG-13 (Sequences of Action|Language|Some Suggestive References|Violence),English,2h 7m
8288e032-b21a-481b-ab53-f3b2853cd0c1,2023,https://www.rottentomatoes.com/m/blackberry,BlackBerry,9.7,positive,9.4,positive,12/05/2023,02/06/2023,R (Language Throughout),English,1h 59m
83483101-e8dd-3d83-b806-640a27a688d9,2023,https://www.rottentomatoes.com/m/the_magicians_elephant,The Magician's Elephant,6.5,positive,8.2,positive,10/03/2023,17/03/2023,PG (Some Action/Peril|Thematic Elements),English,1h 43m
83f24236-db29-3bcd-8001-658fd8e463fc,2023,https://www.rottentomatoes.com/m/the_color_purple,The Color Purple,8.1,positive,9.5,positive,25/12/2023,16/01/2024,PG-13 (Mature Thematic Content|Language|Sexual Content|Violence),English,2h 21m
84d29fce-f85c-4cd8-8281-525f0218528d,2023,https://www.rottentomatoes.com/m/strange_way_of_life,Strange Way of Life,7.7,positive,5.4,negative,04/10/2023,13/02/2024,R (Language|Bloody Images|Some Sexual Content),English,31m
85901478-2ea5-48ce-a890-f6c85b878289,2023,https://www.rottentomatoes.com/m/dream_scenario,Dream Scenario,9.1,positive,6.8,positive,22/11/2023,22/12/2023,R (Some Sexual Content|Language|Violence),English,1h 42m
865b81a4-aa57-4f52-b248-93d5cf3d7fe9,2023,https://www.rottentomatoes.com/m/the_zone_of_interest,The Zone of Interest,9.3,positive,7.8,positive,15/12/2023,20/02/2024,PG-13 (Some Suggestive Material|Smoking|Thematic Material),German,1h 46m
892a2d4e-56db-3c44-8095-544cb077078d,2023,https://www.rottentomatoes.com/m/children_of_the_corn,Children of the Corn,1.2,negative,3.8,negative,03/03/2023,21/03/2023,R (Violence and Bloody Images),English,1h 32m
89497f6e-429a-3064-8184-3363d4072ea7,2023,https://www.rottentomatoes.com/m/the_machine_2023,The Machine,3.1,negative,8.7,positive,26/05/2023,20/06/2023,R (Pervasive Language|Drug Use|Some Sexual References|Strong Violence),English,1h 52m
8a079643-0872-33c4-a1fe-b26d3a3b982f,2023,https://www.rottentomatoes.com/m/the_secret_kingdom,The Secret Kingdom,6.3,positive,4.8,negative,09/06/2023,09/06/2023,PG (Action/Peril|Thematic Elements),English,1h 38m
8a57a88c-e83d-3abc-b856-f3f10e71a849,2023,https://www.rottentomatoes.com/m/ruby_gillman_teenage_kraken,"Ruby Gillman, Teenage Kraken",6.5,positive,8.1,positive,30/06/2023,18/07/2023,PG (Some Action|Rude Humor|Thematic Elements),English,1h 31m
8b7f8609-a7ae-4d17-9ee2-b98950fc66d2,2023,https://www.rottentomatoes.com/m/society_of_the_snow,Society of the Snow,9.0,positive,8.8,positive,22/12/2023,04/01/2024,R (Violent/Disturbing Material|Brief Graphic Nudity),Spanish,2h 24m
8ceec3eb-8bac-456f-a0d4-530f83a38e50,2023,https://www.rottentomatoes.com/m/what_happens_later,What Happens Later,5.1,negative,2.8,negative,03/11/2023,28/11/2023,R (Some Sexual References|Language|Brief Drug Use),English,1h 43m
8cf99818-3743-4718-bb42-d78ed266876f,2023,https://www.rottentomatoes.com/m/joy_ride_2023,Joy Ride,9.0,positive,8.2,positive,07/07/2023,28/07/2023,R (Drug Content|Brief Graphic Nudity|Language Throughout|Strong & Crude Sexual Content),English,1h 35m
8d105e95-5da8-4ca8-a3d3-cba0ba2fa45f,2023,https://www.rottentomatoes.com/m/jesus_revolution,Jesus Revolution,5.4,negative,9.9,positive,24/02/2023,11/04/2023,PG-13 (Strong Drug Content|Some Thematic Elements),English,1h 59m
8d14134a-57c1-3f32-a0ee-9fdb0b789e5a,2023,https://www.rottentomatoes.com/m/champions_2022,Champions,5.8,negative,9.5,positive,10/03/2023,28/03/2023,PG-13 (Strong Language|Crude/Sexual References),English,2h 3m
8e6c876d-6192-3764-bc00-0318b3a6289f,2023,https://www.rottentomatoes.com/m/gran_turismo_based_on_a_true_story,Gran Turismo: Based on a True Story,6.5,positive,9.8,positive,25/08/2023,26/09/2023,PG-13 (Some Strong Language|Intense Action),English,2h 15m
8f7ba669-b488-470c-be54-3755db445627,2023,https://www.rottentomatoes.com/m/all_of_us_strangers,All of Us Strangers,9.6,positive,9.1,positive,22/12/2023,22/02/2024,R (Sexual Content|Language|Some Drug Use),English,1h 45m
8febdaa4-a3ea-33df-bbc9-da5559a6359b,2023,https://www.rottentomatoes.com/m/80_for_brady,80 for Brady,5.8,negative,8.9,positive,03/02/2023,07/03/2023,PG-13 (Some Suggestive References|Some Drug Content|Brief Strong Language),English,1h 38m
90a0a543-d229-4748-ba4b-74dc6d06d9eb,2023,https://www.rottentomatoes.com/m/breakwater_2023,Breakwater,4.0,negative,4.8,negative,22/12/2023,22/12/2023,R (Language|Violence|Some Sexual Material),English,1h 37m
90c22bee-a1dd-44f6-8345-d1792b4dddc3,2023,https://www.rottentomatoes.com/m/godzilla_minus_one,Godzilla Minus One,9.8,positive,9.8,positive,01/12/2023,01/06/2024,PG-13 (Creature Violence and Action),Japanese,2h 5m
90e4f0bd-ed20-3311-a4cd-fa650d2d1be3,2023,https://www.rottentomatoes.com/m/operation_fortune_ruse_de_guerre,Operation Fortune: Ruse de guerre,5.1,negative,8.2,positive,03/03/2023,21/03/2023,R (Language and Violence),English,1h 54m
91100701-5a24-3ca6-8fae-e97cf8bd14f9,2023,https://www.rottentomatoes.com/m/the_flood_2023,The Flood,3.3,negative,2.3,negative,14/07/2023,14/07/2023,R,English,1h 31m
9155b1bf-99f2-4efe-8ebd-cdd9ec569412,2023,https://www.rottentomatoes.com/m/one_true_loves,One True Loves,3.0,negative,3.5,negative,07/04/2023,14/04/2023,PG-13,English,1h 40m
91571c74-cea1-4bd6-b156-e1f44fc4e18e,2023,https://www.rottentomatoes.com/m/spy_kids_armageddon,Spy Kids: Armageddon,5.4,negative,4.3,negative,22/09/2023,22/09/2023,PG (Sequences of Action),English,1h 48m
918604c1-a9d3-4ed8-94a1-3ac403b0c3a7,2023,https://www.rottentomatoes.com/m/beau_is_afraid,Beau Is Afraid,6.8,positive,7.1,positive,21/04/2023,13/06/2023,R (Graphic Nudity|Drug Use|Language|Sexual Content|Strong Violent Content),English,2h 59m
91d9bac8-6a53-4c14-bb3d-ce66a1261732,2023,https://www.rottentomatoes.com/m/occupied_city,Occupied City,7.0,positive,7.8,positive,25/12/2023,23/02/2024,PG-13 (Smoking|Sexual Material|Brief Drug Use|Strong Language|Thematic Material),English,4h 0m
92db47cf-dfa1-3825-bef5-bf23ba182080,2023,https://www.rottentomatoes.com/m/the_exorcist_believer,The Exorcist: Believer,2.2,negative,5.9,negative,06/10/2023,24/10/2023,R (Language|Disturbing Images|Sexual References|Some Violent Content),English,1h 51m
94a0d722-c23d-4e4e-ab3d-1f15beb01304,2023,https://www.rottentomatoes.com/m/fingernails,Fingernails,6.0,positive,4.7,negative,27/10/2023,03/11/2023,R (Language),English,1h 53m
955e71a2-aae7-4016-9cff-001818ba5988,2023,https://www.rottentomatoes.com/m/heart_of_stone_2023,Heart of Stone,3.1,negative,5.1,negative,11/08/2023,11/08/2023,PG-13 (Action|Some Language|Sequences of Violence),English,2h 2m
95e645f5-996b-3841-a1e1-246ba5f2bbcf,2023,https://www.rottentomatoes.com/m/thanksgiving_2023,Thanksgiving,8.4,positive,8.0,positive,17/11/2023,19/12/2023,R (Pervasive Language|Gore|Some Sexual Material|Strong Bloody Horror Violence),English,1h 47m
960eba07-2184-3bc1-a72e-dd9087645af5,2023,https://www.rottentomatoes.com/m/saw_x,Saw X,8.0,positive,8.9,positive,29/09/2023,20/10/2023,R (Language|Grisly Bloody Violence|Some Drug Use|Torture),English,1h 58m
965ecc6a-dde6-405b-967d-91abb90ddb2f,2023,https://www.rottentomatoes.com/m/evil_dead_rise,Evil Dead Rise,8.4,positive,7.6,positive,21/04/2023,09/05/2023,R (Some Language|Gore|Strong Bloody Horror Violence),English,1h 36m
96dffe5c-0824-3d6d-9442-e86e58f11685,2023,https://www.rottentomatoes.com/m/the_re_education_of_molly_singer,The Re-Education of Molly Singer,2.0,negative,9.5,positive,29/09/2023,29/09/2023,R (Pervasive Language|Some Drug Use|Sexual Content),English,2h 0m
972bffa4-cb57-3fd0-9b29-4f694277b2b4,2023,https://www.rottentomatoes.com/m/the_boys_in_the_boat,The Boys in the Boat,5.7,negative,9.7,positive,25/12/2023,16/01/2024,PG-13 (Language and Smoking),English,2h 4m
9a684f8f-b7e4-413c-aa55-aaba26a8df63,2023,https://www.rottentomatoes.com/m/satanic_hispanics,Satanic Hispanics,9.0,positive,5.2,negative,14/09/2023,14/11/2023,R (Bloody Violence and Gore|Some Sexual Material|Language Throughout),English,1h 45m
9a800ae0-c4bb-30ae-86d4-ba165aefd8de,2023,https://www.rottentomatoes.com/m/its_a_wonderful_knife,It's a Wonderful Knife,5.4,negative,7.2,positive,10/11/2023,22/12/2023,R (Language|Drug Use|Bloody Violence),English,1h 27m
9adffa10-5926-3ec9-b632-9cba7e351c05,2023,https://www.rottentomatoes.com/m/to_catch_a_killer_2023,To Catch a Killer,5.2,negative,6.3,positive,21/04/2023,16/05/2023,R (Strong Violent Content|Strong Language),English,1h 59m
9b9ba987-f806-3d33-afc9-5900384aacf2,2023,https://www.rottentomatoes.com/m/supercell,Supercell,5.0,negative,7.6,positive,17/03/2023,17/03/2023,PG-13 (Some Peril|Smoking|Language),English,1h 40m
9ba71417-765e-4016-954b-4a62b186e68a,2023,https://www.rottentomatoes.com/m/memory_2023,Memory,8.5,positive,7.1,positive,22/12/2023,20/02/2024,R (Some Sexual Content|Language|Graphic Nudity),English,1h 40m
9c064f66-bad8-4e1f-93ae-d61756911deb,2023,https://www.rottentomatoes.com/m/lift_2022,Lift,10.0,positive,8.0,positive,15/09/2023,22/09/2023,PG-13 (Brief Strong Language),English,1h 27m
9c225277-6be0-3e7c-baf1-318f9ec51b1c,2023,https://www.rottentomatoes.com/m/sound_of_freedom,Sound of Freedom,5.7,negative,9.9,positive,04/07/2023,13/10/2023,PG-13 (Violence|Sex Trafficking|Language|Thematic Content|Sexual References|Smoking Throughout|Some Drug References),English,2h 11m
9c869495-7438-41a6-bd74-d38f5bc96b0a,2023,https://www.rottentomatoes.com/m/bank_of_dave,Bank of Dave,8.6,positive,8.6,positive,25/08/2023,25/08/2023,PG-13 (Some Strong Language),English (United Kingdom),1h 47m
9e0374c2-796b-47ad-9393-de6c1cfc9b14,2023,https://www.rottentomatoes.com/m/maybe_i_do,Maybe I Do,3.2,negative,6.1,positive,27/01/2023,14/02/2023,PG-13 (Sexually Suggestive Material|Brief Strong Language),English,1h 35m
9ece2c39-aa0c-36a8-9075-0c7a305a6998,2023,https://www.rottentomatoes.com/m/a_man_called_otto,A Man Called Otto,7.0,positive,9.7,positive,13/01/2023,28/02/2023,PG-13 (Mature Thematic Material|Language|Suicide Attempts),English,2h 6m
9ee67e23-7157-43fd-a639-6d8710a974fe,2023,https://www.rottentomatoes.com/m/marlowe_2022,Marlowe,2.6,negative,3.7,negative,15/02/2023,04/04/2023,R (Language|Brief Drug Use|Some Sexual Material|Violent Content),English,1h 49m
9fa2d4ad-63f3-3a0e-a63b-20521a35295d,2023,https://www.rottentomatoes.com/m/the_equalizer_3,The Equalizer 3,7.6,positive,9.4,positive,01/09/2023,03/10/2023,R (Strong Bloody Violence|Some Language),English,1h 49m
a012ad12-03e2-3c3d-9ddf-2194effe4fd3,2023,https://www.rottentomatoes.com/m/one_day_as_a_lion,One Day as a Lion,6.4,positive,4.9,negative,04/04/2023,07/04/2023,R (Sexual References|Pervasive Language|Some Violence),English,1h 27m
a056f80a-cf96-3d80-a368-2e98316484b9,2023,https://www.rottentomatoes.com/m/the_monkey_king_2023,The Monkey King,5.9,negative,6.4,positive,11/08/2023,18/08/2023,PG (Action/Violence|Brief Thematic Material),English,1h 32m
a0df50e4-5b07-3a02-9d9d-bcddf117c484,2023,https://www.rottentomatoes.com/m/stamped_from_the_beginning,Stamped From the Beginning,10.0,positive,6.6,positive,10/11/2023,20/11/2023,R (Nude Images|Language|Drug Content|Racism|Some Violent Content),English,1h 31m
a1c199fc-e4ab-3524-bc82-560162f35ec4,2023,https://www.rottentomatoes.com/m/kandahar_2023,Kandahar,4.5,negative,8.2,positive,26/05/2023,15/08/2023,R (Violence and Language),English,1h 59m
a290bfb1-cdeb-300e-8d43-d8c0f34d09c8,2023,https://www.rottentomatoes.com/m/haunted_mansion_2023,Haunted Mansion,3.7,negative,8.4,positive,28/07/2023,04/10/2023,PG-13 (Some Thematic Elements|Scary Action),English,2h 3m
a307b53f-6308-3713-8fd0-56384eb92e40,2023,https://www.rottentomatoes.com/m/sitting_in_bars_with_cake,Sitting in Bars with Cake,7.5,positive,8.4,positive,08/09/2023,08/09/2023,PG-13,English,2h 0m
a3274a26-067e-3f5a-81b3-e017921ca191,2023,https://www.rottentomatoes.com/m/mummies,Mummies,5.3,negative,8.8,positive,24/02/2023,07/04/2023,PG (Some Rude Material|Mild Action/Violence),English,1h 28m
a42e905a-2b3b-3ce0-82d0-21da483f251a,2023,https://www.rottentomatoes.com/m/57_seconds,57 Seconds,1.3,negative,4.5,negative,29/09/2023,29/09/2023,R (Violence and Language),English,1h 39m
a85d7222-1c9d-435c-a6be-bfdc9700f583,2023,https://www.rottentomatoes.com/m/pamela_a_love_story,"Pamela, a Love Story",9.6,positive,9.2,positive,31/01/2023,31/01/2023,TV-MA,English,1h 52m
aada9a4f-e88b-3de0-87dd-419464ff53b6,2023,https://www.rottentomatoes.com/m/maggie_moores,Maggie Moore(s),5.1,negative,6.4,positive,16/06/2023,16/06/2023,R (Language Throughout|Drug Use|Brief Nudity|Some Sexual Material|Violence),English,1h 39m
ac008198-8a95-3824-9e59-2d6566f5184e,2023,https://www.rottentomatoes.com/m/godzilla_tokyo_sos,Godzilla: Tokyo S.O.S.,8.0,positive,7.2,positive,22/03/2023,16/04/2012,PG,Japanese,1h 37m
acd98eb6-c8ef-4dd0-a87d-3983ea801058,2023,https://www.rottentomatoes.com/m/the_subtle_art_of_not_giving_a_at_percent,The Subtle Art of Not Giving a #@%!,7.1,positive,4.0,negative,04/01/2023,10/01/2023,R (Language Throughout|Brief Violent Images),English,1h 37m
ae99f7d2-fef0-3ebe-85ec-79a70568b7e5,2023,https://www.rottentomatoes.com/m/snag,Snag,2.0,negative,5.6,negative,28/04/2023,28/04/2023,R (Bloody Violence|Language Throughout),English,1h 27m
b1cf2928-9bb0-33d9-a1fd-1768080e5ab0,2023,https://www.rottentomatoes.com/m/the_boy_and_the_heron,The Boy and the Heron,9.7,positive,8.8,positive,08/12/2023,25/06/2024,PG-13 (Smoking|Bloody Images|Some Violent Content),Japanese,2h 4m
b299b8bf-e9e7-42bf-85f2-140e848d3dd6,2023,https://www.rottentomatoes.com/m/my_happy_ending,My Happy Ending,3.8,negative,4.3,negative,24/02/2023,25/04/2023,R (Language and Brief Drug Use),English,1h 29m
b3f2dbb5-d5ee-3618-afc0-7f7da904af8b,2023,https://www.rottentomatoes.com/m/the_offering_2022,The Offering,7.4,positive,4.8,negative,13/01/2023,13/01/2023,R (Violence),English,1h 33m
b41777f1-4a60-3f86-a5cf-0e8371df6ff0,2023,https://www.rottentomatoes.com/m/a_million_miles_away_2023,A Million Miles Away,8.9,positive,9.4,positive,08/09/2023,15/09/2023,PG,English,2h 1m
b5c962a3-dff1-4ec5-9f0b-44830dfc6156,2023,https://www.rottentomatoes.com/m/our_son,Our Son,8.6,positive,7.9,positive,08/12/2023,15/12/2023,R (Language|Some Sexual Content/Nudity),English,1h 44m
b636ffd3-3188-499a-8ed1-92f0efa4d3a6,2023,https://www.rottentomatoes.com/m/the_killer_2023,The Killer,8.5,positive,6.1,positive,27/10/2023,10/11/2023,R (Strong Violence|Language|Brief Sexuality),English,1h 58m
b6be1066-e3c3-3081-ac9b-a8280523caf2,2023,https://www.rottentomatoes.com/m/dead_mans_hand_2023,Dead Man's Hand,0.0,negative,2.4,negative,07/07/2023,07/07/2023,R (Bloody Violent Content|Some Nudity|Language),English,1h 36m
b877f268-2856-3733-8832-ac638bcf2329,2023,https://www.rottentomatoes.com/m/nimona,Nimona,9.2,positive,9.1,positive,23/06/2023,30/06/2023,PG (Thematic Elements|Some Language|Rude Humor|Violence and Action),English,1h 41m
b8a673f9-ece8-3664-93f8-e7e029b3f16d,2023,https://www.rottentomatoes.com/m/nandor_fodor_and_the_talking_mongoose,The Case of the Talking Mongoose,4.6,negative,6.4,positive,01/09/2023,19/09/2023,PG-13 (Some Strong Language|Smoking Throughout|Brief Partial Nudity),English (United Kingdom),1h 36m
b932ce0d-a67f-40d1-99da-e397626eac8f,2023,https://www.rottentomatoes.com/m/asteroid_city,Asteroid City,7.5,positive,6.2,positive,23/06/2023,11/07/2023,PG-13 (Smoking|Brief Graphic Nudity|Some Suggestive Material),English,1h 45m
ba83bbca-8075-4d54-811c-3b2631badd71,2023,https://www.rottentomatoes.com/m/hypnotic_2023,Hypnotic,3.1,negative,6.2,positive,12/05/2023,30/05/2023,R (Violence),English,1h 32m
bb893017-585f-36ca-af30-014b4f20c08b,2023,https://www.rottentomatoes.com/m/miraculous_ladybug_and_cat_noir_the_movie,"Miraculous: Ladybug & Cat Noir, The Movie",5.0,negative,7.5,positive,21/07/2023,28/07/2023,PG (Some Thematic Elements|Brief Smoking|Action),French (France),1h 45m
bd205faf-f704-3458-9732-235799b2f221,2023,https://www.rottentomatoes.com/m/double_life_2023,Double Life,1.3,negative,8.0,positive,05/05/2023,05/05/2023,PG-13 (Language|Violence|Some Sexual Content),English,1h 29m
be18c9bb-36f2-3715-8bdb-4e500903cc6c,2023,https://www.rottentomatoes.com/m/the_inventor,The Inventor,7.5,positive,5.9,negative,15/09/2023,07/11/2023,PG (Some Thematic Elements|Nude Art Images),English,1h 32m
c0ecc6ab-c86c-4bc8-9ed4-915e39395bb5,2023,https://www.rottentomatoes.com/m/it_aint_over,It Ain't Over,9.8,positive,9.6,positive,12/05/2023,11/07/2023,PG (Smoking|Language|Brief War Images|Some Drug References),English,1h 38m
c1062701-52c5-328c-86b8-e2595bf2c26f,2023,https://www.rottentomatoes.com/m/journey_to_bethlehem,Journey to Bethlehem,7.5,positive,9.4,positive,10/11/2023,08/12/2023,PG,English,1h 38m
c1333b51-6ab1-40ca-985e-8464ad79da23,2023,https://www.rottentomatoes.com/m/the_good_mother,The Good Mother,2.2,negative,3.5,negative,01/09/2023,19/09/2023,R (Some Violent Content|Language Throughout|Drug Material),English,1h 29m
c1757f66-5236-33c6-b4e5-c6c90390cd56,2023,https://www.rottentomatoes.com/m/in_the_fire,In the Fire,1.5,negative,2.9,negative,13/10/2023,13/10/2023,R (Brief Sexuality|Some Violent Content),English,1h 27m
c19edefa-cc3a-3d91-841d-aefb602893fe,2023,https://www.rottentomatoes.com/m/luther_the_fallen_sun,Luther: The Fallen Sun,6.7,positive,8.5,positive,24/02/2023,10/03/2023,R (Some Sexual Material|Language|Disturbing/Violent Content),English (United Kingdom),2h 8m
c1fe79e5-5a60-41b7-bfa3-cf9ea564620a,2023,https://www.rottentomatoes.com/m/the_starling_girl,The Starling Girl,9.2,positive,9.7,positive,12/05/2023,11/07/2023,R,English,1h 56m
c373bd9c-69fe-4d97-b3b8-051c6b3426f1,2023,https://www.rottentomatoes.com/m/beautiful_disaster_2023,Beautiful Disaster,2.5,negative,5.5,negative,12/04/2023,02/05/2023,R (Sexual Content|Language|Some Violence|Teen Drinking),English,1h 36m
c404e371-798f-45ce-b545-b50715e0ec4b,2023,https://www.rottentomatoes.com/m/butchers_crossing,Butcher's Crossing,7.4,positive,4.7,negative,20/10/2023,07/11/2023,R (Some Violence/Bloody Images|Language|Brief Sexual Content),English,1h 45m
c825a447-5033-489a-8743-b7e61af8456b,2023,https://www.rottentomatoes.com/m/how_to_blow_up_a_pipeline,How to Blow Up a Pipeline,9.5,positive,6.6,positive,07/04/2023,18/08/2023,R (Some Drug Use|Language Throughout),English,1h 39m
ca7d7013-4985-4069-9573-3c5cd31257b5,2023,https://www.rottentomatoes.com/m/you_hurt_my_feelings_2023,You Hurt My Feelings,9.5,positive,6.4,positive,26/05/2023,22/06/2023,R (Language),English,1h 33m
cae82af8-80ff-485f-b3a1-4dd3fc53bd65,2023,https://www.rottentomatoes.com/m/mars_one,Mars One,9.7,positive,6.8,positive,05/01/2023,05/01/2023,TV-MA (Language|Nudity|Smoking),Portuguese (Brazil),1h 55m
cb14bef3-e8de-3587-8519-8216a6ef7f39,2023,https://www.rottentomatoes.com/m/shazam_fury_of_the_gods,Shazam! Fury of the Gods,4.9,negative,8.6,positive,17/03/2023,07/04/2023,PG-13 (Sequences of Action|Language|Violence),English,2h 10m
ce0d1ce3-bf02-3105-af7c-2d2303af81ec,2023,https://www.rottentomatoes.com/m/transformers_rise_of_the_beasts,Transformers: Rise of the Beasts,5.2,negative,9.1,positive,09/06/2023,11/07/2023,PG-13 (Language|Intense Sci-Fi Action|Violence),English,2h 7m
ce654804-7c93-3250-84fd-8a1bd993f840,2023,https://www.rottentomatoes.com/m/confidential_informant,Confidential Informant,0.0,negative,3.9,negative,30/06/2023,27/06/2023,R (Graphic Nudity|Drug Use|Language Throughout|Some Violence),English,1h 28m
ce96a905-e1cf-3e0e-95c3-30a408b84d09,2023,https://www.rottentomatoes.com/m/plane,Plane,7.8,positive,9.4,positive,13/01/2023,02/02/2023,R (Violence and Language),English,1h 47m
cf0ed986-4c2b-4829-8ec6-e2ea7adf5df4,2023,https://www.rottentomatoes.com/m/candy_cane_lane,Candy Cane Lane,4.5,negative,4.5,negative,24/11/2023,01/12/2023,PG (Some Suggestive References|Language Throughout),English,1h 48m
cfd5198d-2e54-4993-9815-23a100757f21,2023,https://www.rottentomatoes.com/m/of_an_age,Of an Age,8.6,positive,8.8,positive,17/02/2023,07/03/2023,R (Some Drug Use|Sexual Content|Language Throughout),English,1h 39m
d0f856f3-8de5-44ed-afd8-0071bb122833,2023,https://www.rottentomatoes.com/m/fair_play_2023,Fair Play,8.5,positive,5.4,negative,29/09/2023,06/10/2023,R (Sexual Violence|Sexual Content|Pervasive Language|Some Nudity),English,1h 53m
d10bf6f3-c3a1-3eb9-b5d9-8b70d5f80286,2023,https://www.rottentomatoes.com/m/the_old_way,The Old Way,3.2,negative,7.0,positive,06/01/2023,13/01/2023,R (Violence),English,1h 35m
d1a3dd7c-6858-3af3-b705-8bee31cea57c,2023,https://www.rottentomatoes.com/m/you_are_so_not_invited_to_my_bat_mitzvah,You Are So Not Invited to My Bat Mitzvah,9.1,positive,6.0,positive,25/08/2023,25/08/2023,PG-13 (Brief Teen Drinking|Strong Language|Some Crude/Suggestive Material),English,1h 41m
d33ed16a-ea6c-4ece-89f2-647db8d0ff63,2023,https://www.rottentomatoes.com/m/the_best_man_2023,The Best Man,3.3,negative,3.3,negative,21/04/2023,21/04/2023,R (Violence|Language Throughout|Teen Drinking|Drug Use),English,1h 33m
d4e8365e-478e-3258-b7bf-3f7a928f5edc,2023,https://www.rottentomatoes.com/m/the_price_we_pay_2022,The Price We Pay,5.6,negative,3.1,negative,13/01/2023,10/01/2023,R (Strong Horror Violence|Pervasive Language|Gore),English,1h 26m
d549e37d-4c2e-3aa4-8d18-16d0738070df,2023,https://www.rottentomatoes.com/m/dumb_money,Dumb Money,8.4,positive,8.5,positive,22/09/2023,07/11/2023,R (Pervasive Language|Drug Use|Sexual Material),English,1h 45m
d5bd9a0b-69ba-337f-93fa-d1629c59c1c8,2023,https://www.rottentomatoes.com/m/desperation_road,Desperation Road,6.0,positive,7.7,positive,06/10/2023,06/10/2023,R (Nudity|Language Throughout|Brief Sexuality|Sexual Assault|Some Violence),English,1h 52m
d6474f19-4938-3c04-b2cf-fd9df8542540,2023,https://www.rottentomatoes.com/m/extraction_2,Extraction 2,7.9,positive,8.5,positive,09/06/2023,16/06/2023,R (Language|Strong/Bloody Violence),English,2h 3m
da00a95b-d98b-4664-adcc-ca6ae4b6edeb,2023,https://www.rottentomatoes.com/m/tetris,Tetris,8.1,positive,8.7,positive,24/03/2023,31/03/2023,R (Language),English,1h 58m
daa086c3-ddca-4fb5-81b9-d7e54a28eb1b,2023,https://www.rottentomatoes.com/m/wild_life_2023,Wild Life,9.1,positive,7.2,positive,14/04/2023,26/05/2023,PG-13 (Brief Strong Language),English,1h 33m
dadc7cf0-269c-3c48-ac39-13ff47b5485a,2023,https://www.rottentomatoes.com/m/next_goal_wins_2023,Next Goal Wins,4.5,negative,8.4,positive,17/11/2023,16/01/2024,PG-13 (Some Strong Language|Crude Material),English,1h 44m
daf1e5ee-6493-31a2-8e3e-691859c004e6,2023,https://www.rottentomatoes.com/m/creed_iii,Creed III,8.8,positive,9.5,positive,03/03/2023,31/03/2023,PG-13 (Some Strong Language|Intense Sports Action|Violence),English,1h 56m
db77ff04-fd2a-3c5d-b3b1-2c6749aa04b4,2023,https://www.rottentomatoes.com/m/mercy_road,Mercy Road,5.5,negative,3.3,negative,06/10/2023,10/10/2023,R (Language Throughout),English (Australia),1h 25m
dd4be009-d0ae-3ecc-a24e-d04022c76b3a,2023,https://www.rottentomatoes.com/m/the_amazing_maurice,The Amazing Maurice,7.3,positive,6.8,positive,03/02/2023,04/04/2023,PG (Some Rude Material|Action/Peril),English,1h 33m
dd872818-4060-4743-ab89-2f74c181a892,2023,https://www.rottentomatoes.com/m/the_boogeyman,The Boogeyman,6.1,positive,6.6,positive,02/06/2023,29/08/2023,PG-13 (Teen Drug Use|Some Strong Language|Terror|Violent Content),English,1h 38m
dd91ad4b-4586-4fb2-8dd5-9eee200fd3bb,2023,https://www.rottentomatoes.com/m/the_lost_king,The Lost King,7.7,positive,9.2,positive,24/03/2023,09/05/2023,PG-13 (Some Strong Language|Brief Suggestive References),English,1h 49m
dddec29a-7143-375a-a7dc-7f7126fc0852,2023,https://www.rottentomatoes.com/m/slotherhouse,Slotherhouse,6.1,positive,7.2,positive,30/08/2023,19/09/2023,PG-13 (Violence|Language|Bloody Images),English,1h 33m
dee7d2cc-6750-3577-a9ee-c5638044fd50,2023,https://www.rottentomatoes.com/m/chicken_run_dawn_of_the_nugget,Chicken Run: Dawn of the Nugget,8.1,positive,7.1,positive,08/12/2023,15/12/2023,PG (Some Thematic Elements|Peril|Action),English,1h 41m
df499c33-b950-38c4-ba9a-bcf61b9edf2c,2023,https://www.rottentomatoes.com/m/mercy_2023,Mercy,0.0,negative,2.1,negative,12/05/2023,19/05/2023,R (Violence|Pervasive Language|Bloody Images),English,1h 25m
e03129c4-d325-4c1d-bc3e-319c0e5677e4,2023,https://www.rottentomatoes.com/m/space_oddity,Space Oddity,5.6,negative,6.4,positive,31/03/2023,31/03/2023,PG-13 (Thematic Elements|Suggestive Material|Some Strong Language),English,1h 32m
e1cbc415-c510-4b05-bf48-3898195d3b77,2023,https://www.rottentomatoes.com/m/cassandro,Cassandro,9.1,positive,7.4,positive,15/09/2023,22/09/2023,R (Sexual Content|Language|Drug Use),English,1h 47m
e3327127-8d8f-4423-a4c9-7ac609c22cbb,2023,https://www.rottentomatoes.com/m/the_tutor_2023,The Tutor,1.8,negative,3.6,negative,24/03/2023,09/05/2023,R,English,1h 32m
e3c77be3-4b67-4e04-b6a1-4f86e47a6b4a,2023,https://www.rottentomatoes.com/m/the_blackening,The Blackening,8.7,positive,8.5,positive,16/06/2023,07/07/2023,R (Pervasive Language|Drug Use|Violence),English,1h 37m
e40b1e7a-2156-4b22-854c-cb908dea6014,2023,https://www.rottentomatoes.com/m/the_pod_generation,The Pod Generation,4.1,negative,5.5,negative,11/08/2023,29/08/2023,PG-13 (Suggestive Material|Partial Nudity|Brief Strong Language),English,1h 49m
e57b77db-b166-41f4-88b7-48601fd7cffe,2023,https://www.rottentomatoes.com/m/a_good_person,A Good Person,5.7,negative,9.6,positive,24/03/2023,11/04/2023,R (Language Throughout|Drug Abuse|Some Sexual References),English,2h 9m
e5d7c9fe-30af-3e4a-a6cb-90077ddd9325,2023,https://www.rottentomatoes.com/m/retribution_2023,Retribution,2.9,negative,6.6,positive,25/08/2023,15/09/2023,R (Some Language and Violence),English,1h 30m
e760b130-7d28-4155-97b8-19a1da0e0e05,2023,https://www.rottentomatoes.com/m/the_kitchen_2023,The Kitchen,8.9,positive,4.7,negative,08/12/2023,19/01/2024,R (Language),English,1h 48m
e9add619-85b7-3ee2-963c-d44b69dcf775,2023,https://www.rottentomatoes.com/m/freelance_2023,Freelance,1.0,negative,7.6,positive,27/10/2023,28/11/2023,R (Violence and Language),English,1h 49m
ebfe4b62-a705-3d42-96db-54bacb583604,2023,https://www.rottentomatoes.com/m/the_out_laws,The Out-Laws,2.1,negative,3.5,negative,30/06/2023,07/07/2023,R (Sexual Material|Language Throughout|Brief Drug Use|Violence),English,1h 35m
ec7a8f55-6bfd-3150-864c-cdf09079b8c5,2023,https://www.rottentomatoes.com/m/out_of_exile,Out of Exile,2.5,negative,5.0,negative,20/01/2023,20/01/2023,R,English,1h 47m
ed2a1cb8-2c1f-360f-91ab-35d207bc6336,2023,https://www.rottentomatoes.com/m/insidious_the_red_door,Insidious: The Red Door,3.9,negative,7.0,positive,07/07/2023,01/08/2023,PG-13 (Strong Language|Frightening Images|Suggestive References|Terror|Violence),English,1h 47m
ed3f9fd3-986f-3fd5-b51b-0ecfe4b97894,2023,https://www.rottentomatoes.com/m/migration_2023,Migration,7.3,positive,8.8,positive,22/12/2023,23/01/2024,PG (Mild Rude Humor|Action/Peril),English,1h 23m
edb40133-1950-4b23-8669-9ae8d3ae27de,2023,https://www.rottentomatoes.com/m/good_boy_2022,Good Boy,9.4,positive,4.2,negative,08/09/2023,08/09/2023,R (Some Violent Content|Language),Norwegian,1h 19m
ee7b7cef-b7a2-333f-a14a-2b97b47d0bc2,2023,https://www.rottentomatoes.com/m/the_other_zoey,The Other Zoey,8.0,positive,7.9,positive,20/10/2023,10/11/2023,PG-13 (Some Strong Language|Suggestive References),English,1h 26m
ee96b03a-7f84-4a62-aa11-968da5d7959d,2023,https://www.rottentomatoes.com/m/paint_2023,Paint,3.1,negative,5.7,negative,07/04/2023,09/05/2023,PG-13 (Smoking|Sexual/Suggestive Material|Drug Use),English,1h 36m
efe5186d-7ba7-3dee-bf12-b9cb1a9b3818,2023,https://www.rottentomatoes.com/m/book_club_the_next_chapter,Book Club: The Next Chapter,4.6,negative,8.4,positive,12/05/2023,30/05/2023,PG-13 (Suggestive Material|Some Strong Language),English,1h 47m
f16ccd32-7d49-394e-be7a-dd9c4e25a01e,2023,https://www.rottentomatoes.com/m/ambush_2023,Ambush,2.5,negative,4.3,negative,24/02/2023,24/02/2023,R (Violence|Some Bloody Images|Language),English,1h 44m
f3f9334f-2772-37bb-bc54-83069341cc48,2023,https://www.rottentomatoes.com/m/assassin_2023,Assassin,0.9,negative,6.8,positive,31/03/2023,31/03/2023,R (Violence and Language),English,1h 28m
f58a7ec9-c46c-43f1-bac8-cd6ea58b59c8,2023,https://www.rottentomatoes.com/m/leave_the_world_behind_2023,Leave the World Behind,7.3,positive,3.5,negative,22/11/2023,08/12/2023,R (Language|Drug Use|Brief Bloody Images|Some Sexual Content),English,2h 20m
f5e5ea5f-9053-3675-81c7-009bc948fa91,2023,https://www.rottentomatoes.com/m/strays_2023,Strays,5.3,negative,6.9,positive,18/08/2023,05/09/2023,R (Drug Use|Crude and Sexual Content|Pervasive Language),English,1h 33m
f63f1a3f-1e9c-4b4a-b0ec-62a7b940c56f,2023,https://www.rottentomatoes.com/m/blueback,Blueback,7.1,positive,5.6,negative,03/03/2023,21/04/2023,PG,English,1h 42m
f67c6571-1396-347c-8085-027a9b208b5d,2023,https://www.rottentomatoes.com/m/the_retirement_plan,The Retirement Plan,6.0,positive,4.1,negative,15/09/2023,17/10/2023,R (Violence|Pervasive Language),English,1h 43m
f6cbc977-60c4-4831-9e8a-4781e75642b6,2023,https://www.rottentomatoes.com/m/perfect_days_2023,Perfect Days,9.6,positive,8.9,positive,10/11/2023,05/03/2024,PG (Smoking|Partial Nudity|Some Language),Japanese,2h 4m
f708a72d-3f16-3622-b886-e56a75d03993,2023,https://www.rottentomatoes.com/m/summoning_sylvia,Summoning Sylvia,10.0,positive,8.6,positive,31/03/2023,07/04/2023,R (Sexual Content and Language),English,1h 14m
f90cf0b0-afab-39fb-9ddd-ebcb3629c9c3,2023,https://www.rottentomatoes.com/m/may_december,May December,9.1,positive,6.5,positive,17/11/2023,01/12/2023,R (Graphic Nudity|Drug Use|Language|Some Sexual Content),English,1h 53m
fab5b7d5-d25a-333e-9eee-216054719257,2023,https://www.rottentomatoes.com/m/robots_2023,Robots,1.8,negative,3.9,negative,19/05/2023,19/05/2023,R (Sexual Content|Pervasive Language),English,1h 33m
fb281f3f-c572-37fb-ab30-3b0ee07d8454,2023,https://www.rottentomatoes.com/m/the_super_mario_bros_movie,The Super Mario Bros. Movie,5.9,negative,9.5,positive,05/04/2023,16/05/2023,PG (Action and Mild Violence),English,1h 32m
fc473603-20ca-40a5-b11b-2d6b49ba36b0,2023,https://www.rottentomatoes.com/m/the_persian_version,The Persian Version,8.4,positive,9.3,positive,20/10/2023,05/12/2023,R (Some Sexual References|Language),English,1h 47m
fc6dd82c-952b-31c7-b6ee-8056487fcde2,2023,https://www.rottentomatoes.com/m/a_haunting_in_venice,A Haunting in Venice,7.5,positive,7.7,positive,15/09/2023,31/10/2023,PG-13 (Some Strong Violence|Disturbing Images|Thematic Elements),English,1h 43m
fd650d68-be02-4a76-a3de-7186ae6c2924,2023,https://www.rottentomatoes.com/m/it_lives_inside_2023,It Lives Inside,6.4,positive,4.7,negative,22/09/2023,10/10/2023,PG-13 (Brief Strong Language|Bloody Images|Teen Drug Use|Terror|Violent Content),English,1h 39m
fd9653ac-e47a-4efa-b3ef-6454d9d62df4,2023,https://www.rottentomatoes.com/m/sisu_2022,Sisu,9.4,positive,8.8,positive,28/04/2023,16/05/2023,R (Language|Gore|Strong Bloody Violence),Finnish,1h 31m
fde33bb7-fc88-4b00-b190-f0affbbe4a31,2023,https://www.rottentomatoes.com/m/chevalier_2022,Chevalier,7.7,positive,9.7,positive,21/04/2023,16/06/2023,PG-13 (Suggestive Material|Some Strong Language|Thematic Content|Violence),English,1h 47m
fde71436-f4ed-323f-b23d-6e0ce470d4ba,2023,https://www.rottentomatoes.com/m/john_wick_chapter_4,John Wick: Chapter 4,9.4,positive,9.3,positive,24/03/2023,23/05/2023,R (Some Language|Pervasive Strong Violence),English,2h 49m
fdffd8a0-f466-3124-8faf-8a8ceb228ac0,2023,https://www.rottentomatoes.com/m/ferrari_2023,Ferrari,7.2,positive,7.4,positive,25/12/2023,23/01/2024,R (Language|Graphic Images|Sexual Content|Some Violent Content),English,2h 10m
fe439a94-0e54-34aa-ba97-3253a3fe42fe,2023,https://www.rottentomatoes.com/m/rustin_2023,Rustin,8.4,positive,8.3,positive,03/11/2023,17/11/2023,PG-13 (Some Violence|Racial Slurs|Thematic Material|Language|Brief Drug Use|Sexual Material|Smoking),English,1h 48m
ff9918ce-f29e-3e6c-a421-166c60742d9a,2023,https://www.rottentomatoes.com/m/killers_of_the_flower_moon,Killers of the Flower Moon,9.3,positive,8.4,positive,20/10/2023,05/12/2023,R (Some Grisly Images|Language|Violence),English,3h 26m
ffdcfeea-d1ad-328f-bc08-f5a9434c454e,2023,https://www.rottentomatoes.com/m/knock_at_the_cabin,Knock at the Cabin,6.7,positive,6.3,positive,03/02/2023,21/02/2023,R (Violence and Language),English,1h 40m
